,apple_pie,baby_back_ribs,baklava,beef_carpaccio,beef_tartare,beet_salad,beignets,bibimbap,bread_pudding,breakfast_burrito,bruschetta,caesar_salad,cannoli,caprese_salad,carrot_cake,ceviche,cheese_plate,cheesecake,chicken_curry,chicken_quesadilla,chicken_wings,chocolate_cake,chocolate_mousse,churros,clam_chowder,club_sandwich,crab_cakes,creme_brulee,croque_madame,cup_cakes,deviled_eggs,donuts,dumplings,edamame,eggs_benedict,escargots,falafel,filet_mignon,fish_and_chips,foie_gras,french_fries,french_onion_soup,french_toast,fried_calamari,fried_rice,frozen_yogurt,garlic_bread,gnocchi,greek_salad,grilled_cheese_sandwich,grilled_salmon,guacamole,gyoza,hamburger,hot_and_sour_soup,hot_dog,huevos_rancheros,hummus,ice_cream,lasagna,lobster_bisque,lobster_roll_sandwich,macaroni_and_cheese,macarons,miso_soup,mussels,nachos,omelette,onion_rings,oysters,pad_thai,paella,pancakes,panna_cotta,peking_duck,pho,pizza,pork_chop,poutine,prime_rib,pulled_pork_sandwich,ramen,ravioli,red_velvet_cake,risotto,samosa,sashimi,scallops,seaweed_salad,shrimp_and_grits,spaghetti_bolognese,spaghetti_carbonara,spring_rolls,steak,strawberry_shortcake,sushi,tacos,takoyaki,tiramisu,tuna_tartare,waffles
apple_pie,144,0,16,0,0,0,2,0,50,0,1,0,0,0,3,0,0,3,0,0,0,0,0,1,0,1,1,1,0,2,0,1,0,0,0,0,0,0,0,2,0,1,7,0,0,0,1,0,0,0,0,0,0,0,0,0,0,0,1,0,1,0,1,0,0,0,0,0,0,0,0,0,0,3,0,0,0,0,0,1,1,0,0,0,0,1,0,0,0,0,0,0,0,0,0,0,0,1,3,0,0
baby_back_ribs,0,208,0,0,0,0,0,0,1,0,0,0,0,0,0,0,0,0,2,0,2,0,0,0,0,0,0,0,0,0,0,0,0,0,0,0,0,0,0,0,1,0,1,0,1,0,0,0,1,0,3,0,0,0,0,0,0,0,0,0,0,0,0,0,0,0,0,0,0,0,0,1,0,0,9,0,0,3,0,4,1,0,0,0,0,0,0,0,0,0,1,0,0,11,0,0,0,0,0,0,0
baklava,5,0,219,0,0,0,3,0,10,1,0,0,0,0,0,0,0,0,0,0,0,0,1,0,0,0,0,0,0,0,0,0,0,0,0,0,1,0,0,1,0,1,2,0,0,0,0,0,0,1,0,0,1,0,0,0,0,0,0,0,0,0,0,0,0,0,0,0,0,0,0,0,0,0,0,0,0,0,0,0,0,0,0,0,0,3,0,0,0,0,0,0,0,0,0,0,0,1,0,0,0
beef_carpaccio,0,0,0,225,1,7,0,1,0,0,3,0,0,5,0,0,1,0,0,0,0,0,0,0,0,2,0,0,0,0,0,0,0,0,0,0,0,0,0,0,0,0,0,0,0,0,0,0,0,0,0,0,0,0,0,0,0,0,0,0,0,0,0,0,0,0,0,0,0,0,1,0,0,0,0,0,0,0,0,0,0,0,0,0,0,0,0,0,0,0,0,0,0,0,0,0,0,0,0,4,0
beef_tartare,0,0,0,7,196,2,0,0,0,0,2,0,0,0,0,0,2,0,0,0,0,0,0,0,0,0,2,0,0,0,0,0,0,0,1,0,0,2,0,0,0,0,0,0,0,0,0,0,1,0,1,0,0,0,0,0,3,0,0,0,0,0,0,0,0,0,0,0,0,0,0,0,0,1,0,0,0,0,0,0,0,0,0,0,0,0,0,0,0,0,0,0,0,0,0,0,0,0,0,30,0
beet_salad,0,0,0,11,3,181,0,1,0,0,0,11,0,6,1,1,1,0,0,0,0,0,0,0,0,1,1,0,1,0,0,0,0,0,0,0,0,1,0,3,0,0,0,0,0,0,0,0,11,0,1,0,0,0,0,0,1,0,0,0,0,0,0,0,0,0,0,0,0,0,1,0,0,4,0,0,0,0,0,0,0,0,0,0,0,0,0,1,6,0,0,0,0,0,0,0,0,0,0,2,0
beignets,1,0,0,0,0,0,233,0,4,0,0,0,0,0,0,0,0,0,0,0,0,0,1,4,0,0,0,0,0,0,0,2,0,0,1,0,1,0,0,0,0,0,2,0,0,0,0,0,0,0,0,0,0,0,0,0,0,0,0,0,0,0,0,0,0,0,0,0,0,0,0,0,0,0,0,0,0,0,0,0,0,0,0,0,0,0,0,0,0,0,0,0,0,0,0,0,0,1,0,0,0
bibimbap,0,0,0,0,0,0,0,238,0,0,0,0,0,0,0,0,0,0,0,0,0,0,0,0,0,0,0,0,0,0,0,0,0,0,0,0,0,0,0,0,0,0,0,0,2,0,0,0,0,0,0,0,0,0,1,0,2,0,0,0,0,0,0,0,0,0,0,0,0,0,3,1,0,0,0,2,0,0,0,0,0,1,0,0,0,0,0,0,0,0,0,0,0,0,0,0,0,0,0,0,0
bread_pudding,2,0,2,0,0,0,1,0,205,0,0,0,0,0,0,0,0,0,2,1,0,3,0,0,0,0,0,5,0,0,0,0,0,0,1,0,0,1,0,1,0,6,7,0,0,0,0,0,0,0,0,0,0,0,0,0,0,0,0,0,0,0,0,0,0,0,0,0,0,0,0,0,0,9,0,0,0,0,0,0,0,0,0,0,0,0,0,0,0,0,0,0,0,0,0,0,0,0,4,0,0
breakfast_burrito,0,0,1,0,0,0,0,1,1,156,2,0,0,1,0,0,2,0,1,19,0,0,0,0,0,3,1,0,1,0,0,0,1,0,0,0,1,0,0,0,0,0,0,0,0,0,0,0,0,0,0,1,1,0,0,0,39,0,0,1,0,4,0,0,0,0,0,1,0,0,0,0,0,0,0,0,0,0,0,0,2,0,0,0,0,3,0,0,0,0,0,0,3,1,0,0,2,1,0,0,0
bruschetta,0,0,0,3,3,0,0,0,0,0,199,2,0,11,0,0,1,0,0,1,1,0,0,0,0,2,2,0,0,0,0,0,0,0,0,1,0,0,0,1,1,0,1,1,0,0,0,0,0,0,4,0,0,0,0,0,4,0,0,0,0,0,0,0,0,0,0,0,0,0,0,0,0,0,0,0,1,0,0,0,1,0,0,0,0,0,0,0,0,2,0,0,1,0,0,0,0,0,0,7,0
caesar_salad,0,0,0,0,0,1,0,0,0,0,0,230,0,1,0,1,0,0,0,0,0,0,0,0,0,2,0,0,1,0,0,0,0,0,0,0,0,0,0,0,0,0,0,2,0,0,0,0,7,0,0,0,0,0,0,0,1,0,0,0,1,0,0,0,0,0,0,0,0,0,1,0,0,0,1,0,0,0,0,0,0,0,0,0,0,0,0,0,1,0,0,0,0,0,0,0,0,0,0,0,0
cannoli,5,0,11,0,0,0,41,0,9,3,0,0,115,5,5,0,0,0,0,0,0,1,3,4,0,0,0,0,0,0,1,3,0,0,1,1,5,0,1,3,0,0,9,0,0,0,0,0,0,0,0,0,1,0,0,0,0,0,4,0,0,0,0,0,0,0,0,0,0,0,0,0,0,11,0,0,0,0,0,0,0,0,0,0,0,1,0,0,0,0,0,0,1,0,0,0,1,1,4,0,0
caprese_salad,0,0,0,6,0,4,0,0,0,0,1,0,0,226,0,0,0,0,0,0,0,0,0,0,0,0,0,0,0,0,0,0,0,0,0,0,1,0,0,1,0,0,0,0,0,0,0,0,6,0,0,0,0,0,0,0,2,0,0,0,0,1,0,0,0,0,0,0,0,0,0,0,0,1,0,0,0,0,0,0,0,0,0,0,0,0,0,0,0,0,0,0,0,0,0,0,0,0,0,1,0
carrot_cake,0,0,3,1,0,0,0,0,13,0,0,0,0,0,215,0,0,1,1,0,0,3,2,0,0,0,0,0,0,0,0,0,0,0,0,0,0,0,0,1,0,0,0,0,0,0,0,0,0,0,0,0,0,0,0,0,0,0,0,0,0,0,0,0,0,0,0,1,0,0,0,0,0,0,0,0,0,0,0,0,0,0,0,0,0,0,0,0,0,0,0,0,0,0,0,0,0,1,8,0,0
ceviche,0,0,0,4,0,5,0,0,0,0,2,4,0,3,0,178,0,0,1,0,0,0,0,0,1,0,1,0,0,0,1,0,1,0,0,0,0,0,0,0,0,0,0,2,0,0,0,0,3,0,1,1,0,0,1,0,7,0,0,0,3,0,0,0,0,0,1,0,0,0,2,0,0,1,0,0,0,0,0,0,0,0,0,0,1,0,0,6,2,2,0,0,1,0,0,2,4,1,0,8,0
cheese_plate,0,0,1,2,1,0,0,0,0,0,0,0,0,0,0,0,234,1,0,0,0,0,0,0,0,1,0,0,0,0,0,0,0,0,0,0,0,0,0,3,0,0,0,0,0,0,1,0,0,0,0,0,0,0,0,0,1,0,0,0,0,0,0,0,0,0,0,0,0,0,0,0,0,2,0,0,0,0,0,0,1,0,0,0,0,1,0,0,0,0,0,0,0,0,0,0,0,0,0,1,0
cheesecake,0,0,1,1,0,1,0,0,8,1,0,0,0,0,6,0,2,164,0,1,0,3,3,0,0,1,0,5,0,2,0,0,0,0,0,0,0,0,0,2,0,0,1,0,0,0,0,0,0,0,0,0,1,0,0,0,1,0,0,0,0,0,0,0,0,0,0,0,0,0,0,0,0,33,0,0,0,0,0,0,0,0,0,3,0,0,0,0,1,0,0,0,0,0,3,0,0,0,6,0,0
chicken_curry,0,0,0,1,0,0,0,0,1,0,0,0,0,0,0,0,0,0,198,1,1,0,0,0,1,0,0,0,0,0,0,0,0,0,0,0,0,0,0,0,0,0,0,0,1,0,0,0,0,0,0,0,0,0,6,0,4,2,0,1,16,0,0,0,1,0,0,0,0,0,6,1,0,0,2,0,0,0,0,0,0,0,3,0,0,2,0,0,0,1,1,0,0,0,0,0,0,0,0,0,0
chicken_quesadilla,0,0,0,1,0,0,0,0,0,3,0,0,0,0,0,1,0,0,0,195,1,0,0,0,0,5,0,0,0,0,0,0,0,0,0,0,0,0,0,0,0,0,0,0,0,0,1,0,1,0,1,1,0,0,0,0,31,0,0,1,0,0,0,0,0,0,3,0,0,0,0,0,0,0,0,0,1,0,0,0,0,0,0,0,0,0,0,0,0,0,0,0,0,0,0,0,4,0,0,0,0
chicken_wings,0,1,0,0,0,0,0,0,1,0,0,0,0,0,0,0,0,0,2,0,228,0,0,0,0,0,2,0,0,0,0,0,0,0,0,0,0,0,1,0,0,0,0,5,0,0,0,0,0,0,0,0,1,0,0,0,0,0,0,0,0,1,0,0,0,0,0,0,0,0,0,0,0,0,6,0,0,0,0,0,0,0,0,0,0,0,0,0,0,0,0,0,2,0,0,0,0,0,0,0,0
chocolate_cake,0,0,0,1,0,0,0,0,2,0,0,0,0,0,4,0,0,0,0,0,0,200,23,0,0,0,0,0,0,0,0,0,0,0,0,0,0,1,0,1,0,0,1,0,0,0,0,0,0,0,0,0,0,0,0,0,0,0,0,0,0,0,0,0,0,0,0,0,0,0,0,0,0,5,1,0,0,0,0,0,0,0,0,3,0,0,0,0,0,0,0,0,0,0,0,0,0,0,8,0,0
chocolate_mousse,1,0,0,1,0,0,1,0,4,0,0,0,0,0,1,0,0,0,0,0,0,23,169,0,0,0,0,1,0,2,0,0,0,0,0,1,0,0,0,4,0,0,0,0,0,0,0,0,0,0,0,0,0,0,0,0,0,0,0,0,4,0,0,0,0,0,0,0,0,0,1,0,0,25,1,0,0,0,0,0,0,0,0,0,0,0,0,0,0,0,0,0,0,0,0,0,0,0,11,0,0
churros,0,0,0,0,0,0,4,0,2,0,0,0,0,0,0,0,1,0,2,0,0,0,3,222,0,0,0,0,0,0,0,0,0,0,0,0,1,0,1,0,1,1,3,4,0,0,0,0,0,0,0,0,0,0,0,0,0,0,0,0,0,0,0,0,0,0,0,0,2,0,0,0,0,0,0,0,0,0,0,0,0,0,0,0,0,0,0,0,0,0,0,0,2,0,0,0,0,0,1,0,0
clam_chowder,1,0,0,0,0,0,0,0,1,0,0,1,0,0,0,0,0,0,0,0,0,0,0,0,215,0,0,0,0,0,0,0,0,0,0,0,0,0,0,0,0,1,0,0,0,1,0,0,0,0,0,0,0,0,0,0,0,0,0,0,26,0,0,0,2,0,0,0,0,0,0,0,0,0,0,0,0,0,0,0,0,0,0,0,1,0,0,0,0,1,0,0,0,0,0,0,0,0,0,0,0
club_sandwich,0,0,0,0,0,0,0,0,0,0,0,0,0,0,0,0,0,0,0,0,0,0,0,0,0,243,0,0,2,0,0,0,0,0,0,0,0,0,2,0,0,0,0,0,0,0,0,0,1,0,0,0,0,0,0,0,0,0,0,0,0,2,0,0,0,0,0,0,0,0,0,0,0,0,0,0,0,0,0,0,0,0,0,0,0,0,0,0,0,0,0,0,0,0,0,0,0,0,0,0,0
crab_cakes,0,0,0,0,0,3,0,0,2,0,0,1,0,3,1,0,0,0,1,0,0,0,0,0,1,0,211,0,0,0,0,0,0,0,1,0,3,0,2,0,0,0,0,2,0,0,0,0,0,0,1,0,0,0,0,0,4,0,0,0,0,0,0,0,0,0,0,0,0,0,2,0,0,0,0,0,0,1,0,0,0,0,0,0,0,0,0,1,0,1,0,1,0,1,0,0,0,3,0,4,0
creme_brulee,0,0,0,1,0,0,0,0,0,0,0,0,0,0,0,0,1,0,0,0,0,0,0,0,0,0,0,233,0,0,0,0,0,0,0,0,0,0,0,0,0,3,0,0,0,0,0,0,0,0,1,0,0,0,0,0,0,0,0,0,0,0,0,0,0,0,0,1,0,0,0,0,0,9,0,0,0,0,0,0,0,0,0,0,0,0,0,0,0,0,1,0,0,0,0,0,0,0,0,0,0
croque_madame,0,0,0,0,0,0,0,0,0,0,1,0,0,0,0,0,0,0,0,0,0,0,0,0,1,1,0,0,221,0,0,0,0,0,10,0,0,1,1,2,0,1,1,0,0,0,0,0,0,1,0,0,0,0,0,0,7,0,0,0,0,0,0,0,0,0,0,0,0,0,0,0,0,0,0,0,0,0,0,0,0,0,0,0,0,0,0,0,0,1,0,0,0,0,1,0,0,0,0,0,0
cup_cakes,0,0,0,0,0,0,0,0,0,0,0,0,0,0,7,0,0,1,0,0,0,2,4,0,0,0,0,0,0,180,1,1,0,0,0,0,0,0,0,0,0,0,0,0,0,0,0,0,0,0,0,0,0,0,0,0,0,0,0,0,0,0,0,1,0,0,0,0,0,0,0,0,0,2,0,0,0,0,0,0,0,0,0,48,0,0,0,0,0,0,0,0,0,0,2,0,0,1,0,0,0
deviled_eggs,0,0,0,0,0,0,0,0,0,0,1,0,0,4,0,0,0,0,0,0,0,0,0,0,0,0,0,0,1,0,231,0,0,0,4,1,0,0,0,1,0,0,0,0,0,0,0,0,0,0,0,0,1,0,0,0,4,0,0,0,0,1,0,0,0,0,0,0,0,0,0,0,0,0,0,0,0,0,0,0,0,0,0,0,0,0,0,0,0,0,0,0,0,0,0,0,0,0,0,1,0
donuts,0,0,0,0,0,0,16,0,0,0,0,0,0,0,0,0,0,1,0,0,0,1,1,0,0,0,0,0,0,3,0,220,0,0,0,1,1,0,0,0,0,0,0,0,0,0,0,0,0,0,0,0,0,1,0,0,0,1,0,0,1,0,0,0,0,0,0,0,0,0,0,0,0,0,0,0,0,0,0,0,0,0,0,1,1,0,0,0,0,0,0,0,0,0,1,0,0,0,0,0,0
dumplings,0,0,0,0,0,1,0,0,0,0,0,0,0,0,0,0,0,0,0,0,0,0,0,0,1,0,0,0,0,0,2,0,230,0,0,0,0,0,0,0,0,0,0,0,0,0,0,0,0,0,0,0,6,0,0,0,0,0,0,0,0,0,0,0,0,0,0,0,0,0,1,0,0,0,1,1,0,0,0,0,0,0,1,0,0,0,0,0,0,0,0,0,3,0,0,0,0,3,0,0,0
edamame,0,0,0,0,0,0,0,0,0,0,0,0,0,0,0,0,0,0,0,0,0,0,0,0,0,0,0,0,0,0,0,0,0,249,0,0,0,0,0,0,0,0,0,0,0,0,0,0,0,0,0,0,0,0,0,0,0,0,0,0,0,0,0,0,0,0,0,0,0,0,0,0,0,0,0,0,0,0,0,0,0,0,0,0,0,0,0,0,1,0,0,0,0,0,0,0,0,0,0,0,0
eggs_benedict,0,0,0,1,0,0,0,0,0,0,0,2,0,1,0,0,0,0,0,0,0,0,0,0,0,0,3,0,5,0,0,0,0,0,231,1,0,0,0,0,0,0,1,0,0,0,0,0,0,0,0,0,0,0,0,0,5,0,0,0,0,0,0,0,0,0,0,0,0,0,0,0,0,0,0,0,0,0,0,0,0,0,0,0,0,0,0,0,0,0,0,0,0,0,0,0,0,0,0,0,0
escargots,0,0,0,1,1,0,1,0,0,0,0,0,0,1,0,0,0,0,0,0,0,0,0,0,0,0,0,1,0,0,1,0,0,0,0,209,0,1,0,0,0,16,0,0,0,0,0,0,2,0,2,0,0,0,0,0,1,2,0,0,1,0,1,0,0,4,0,0,0,0,0,0,0,0,0,1,1,0,0,0,0,0,0,0,0,0,0,0,1,1,0,0,0,0,0,0,0,0,0,1,0
falafel,0,0,0,0,0,1,0,0,1,4,0,0,0,1,2,0,0,0,1,1,0,0,1,0,0,2,14,0,0,0,0,0,0,0,0,0,212,0,0,0,0,0,0,1,0,0,0,0,1,0,0,0,0,0,0,0,0,1,0,0,0,1,0,0,0,0,0,0,0,0,0,0,0,0,0,0,0,0,0,0,0,0,0,0,0,0,0,0,0,0,0,0,1,0,0,0,4,1,0,0,0
filet_mignon,0,1,0,1,0,1,0,0,0,0,0,1,0,1,1,0,0,0,1,0,0,1,0,0,0,1,0,0,0,0,0,0,0,0,1,0,0,185,0,3,0,0,0,0,0,0,0,0,2,0,1,0,0,0,0,0,0,0,0,0,0,0,0,0,0,0,0,0,0,0,0,1,0,0,1,0,0,0,0,13,0,0,0,0,0,0,0,1,0,0,0,0,0,33,0,0,0,0,0,0,0
fish_and_chips,0,0,0,0,0,0,0,0,0,0,0,0,0,0,1,0,0,0,0,0,0,0,0,1,0,0,2,0,1,0,0,0,0,0,0,0,0,0,234,0,0,0,0,6,0,0,0,0,0,0,1,0,0,0,0,0,0,0,0,0,0,2,0,0,0,0,0,0,0,0,0,0,0,0,0,0,0,0,0,0,1,0,0,0,0,0,0,0,0,1,0,0,0,0,0,0,0,0,0,0,0
foie_gras,1,0,0,3,6,9,0,0,3,0,1,2,0,0,0,1,2,0,1,0,1,1,4,1,0,3,1,0,1,0,0,0,0,0,0,2,0,14,0,154,0,0,0,0,0,0,0,0,1,1,5,0,0,0,0,0,0,0,0,0,1,0,0,0,0,0,0,0,0,0,0,1,0,6,2,1,0,0,0,1,1,0,0,0,1,2,0,3,1,3,0,0,0,1,0,1,0,0,0,7,0
french_fries,0,1,0,0,0,0,0,0,0,0,0,0,0,0,0,0,0,0,0,0,0,0,0,6,0,0,0,0,0,0,0,0,0,0,0,0,0,0,7,0,221,0,0,6,0,0,0,0,0,0,0,0,0,0,0,0,0,0,0,0,1,0,0,0,0,0,2,0,2,0,0,0,0,0,0,0,0,0,0,0,2,0,0,0,0,1,0,0,0,0,0,0,1,0,0,0,0,0,0,0,0
french_onion_soup,0,0,0,0,0,0,0,0,2,0,0,0,0,0,0,0,0,0,0,1,0,0,0,0,2,0,0,6,1,0,0,0,0,0,0,0,0,0,0,1,0,222,0,0,0,0,0,0,0,0,0,0,0,0,9,0,0,1,0,0,2,0,1,0,1,0,0,0,0,0,0,0,0,0,1,0,0,0,0,0,0,0,0,0,0,0,0,0,0,0,0,0,0,0,0,0,0,0,0,0,0
french_toast,1,1,0,0,0,0,8,0,13,0,0,0,0,0,1,0,1,0,0,0,0,1,0,0,0,0,0,0,5,0,0,0,0,0,1,0,0,0,0,0,0,0,204,1,0,0,0,0,0,3,1,0,1,0,0,0,1,0,0,0,0,0,0,0,0,0,1,0,0,0,1,0,0,1,0,0,0,0,0,1,0,0,0,0,0,2,0,0,0,0,0,0,0,0,0,0,0,0,1,0,0
fried_calamari,0,0,0,0,0,0,0,0,0,0,0,1,0,1,0,1,0,0,0,0,3,0,0,1,1,0,0,0,0,0,1,0,0,1,0,0,0,0,1,0,0,0,0,233,0,0,0,0,0,0,0,0,0,0,1,0,0,0,0,0,0,0,0,0,0,0,0,0,3,0,1,0,0,0,0,0,0,0,0,0,0,0,0,0,0,0,0,0,0,0,0,0,1,0,0,0,0,0,0,0,0
fried_rice,0,0,0,0,0,0,0,2,0,0,0,0,0,0,0,0,0,0,3,0,0,0,0,0,0,0,0,0,0,0,0,0,1,0,0,0,0,0,0,0,0,0,0,0,212,0,0,0,0,0,0,0,0,0,1,0,4,0,0,0,0,0,1,0,0,0,0,1,0,0,14,7,0,0,0,0,0,0,0,0,0,0,0,0,4,0,0,0,0,0,0,0,0,0,0,0,0,0,0,0,0
frozen_yogurt,0,0,0,0,0,0,0,0,0,0,0,0,0,0,1,0,0,0,0,0,0,0,0,0,0,0,0,0,0,0,0,0,0,0,0,1,0,0,0,0,0,0,0,0,0,236,0,0,0,0,0,0,0,0,0,0,0,0,8,0,0,0,1,0,0,0,0,0,0,0,0,0,0,1,0,0,0,0,0,0,0,0,0,0,0,0,0,0,0,0,0,0,0,0,2,0,0,0,0,0,0
garlic_bread,0,0,3,0,1,0,1,0,3,0,8,1,0,0,0,0,0,0,0,1,0,0,0,1,0,1,5,0,0,0,0,0,1,0,1,1,0,0,0,3,1,2,12,1,0,0,181,0,0,4,2,0,2,0,0,0,0,0,0,1,0,2,0,0,0,0,0,1,0,0,0,0,0,0,0,0,3,0,0,0,0,0,0,0,0,5,0,0,0,0,0,0,0,0,0,0,0,2,0,0,0
gnocchi,0,0,0,3,1,3,0,1,4,0,0,2,0,5,0,4,0,0,8,0,0,0,0,0,12,0,1,0,0,0,1,0,1,2,0,17,0,1,0,3,0,1,0,8,0,0,0,110,0,0,0,0,0,0,1,0,2,0,0,0,1,0,12,0,0,0,0,0,0,0,0,1,0,0,0,0,0,0,4,0,0,0,16,0,4,0,0,5,2,8,5,0,0,0,0,0,0,1,0,0,0
greek_salad,0,0,0,0,0,1,0,0,0,0,1,8,0,6,0,2,0,0,0,1,0,0,0,0,0,1,0,0,0,0,0,0,0,0,0,0,0,0,0,0,0,0,0,0,0,0,0,0,224,0,1,0,0,0,0,0,0,0,0,0,1,0,0,0,0,0,0,0,0,0,0,0,0,0,0,0,0,0,0,0,0,0,0,0,0,0,0,0,1,0,0,0,0,1,0,0,0,0,0,2,0
grilled_cheese_sandwich,0,0,0,0,0,1,0,0,0,0,3,2,0,0,0,0,1,0,0,10,0,0,0,0,0,45,0,0,5,0,0,0,0,0,0,0,0,0,3,1,0,1,6,0,0,0,2,0,1,159,0,0,1,1,0,0,0,0,0,0,1,2,0,0,0,0,0,0,0,0,0,0,0,0,0,0,0,0,0,0,4,0,0,0,0,1,0,0,0,0,0,0,0,0,0,0,0,0,0,0,0
grilled_salmon,0,0,0,0,0,2,0,1,0,0,2,1,0,1,0,1,0,0,3,1,1,0,0,0,0,0,2,0,1,0,0,0,0,0,0,0,0,1,4,2,0,0,0,1,1,0,0,0,1,0,211,0,2,0,0,0,0,0,0,0,1,0,0,0,0,0,0,0,0,0,0,1,0,0,0,1,0,0,0,0,0,0,1,0,1,1,0,0,0,1,0,0,1,2,0,0,0,0,0,1,0
guacamole,0,0,0,0,0,0,0,0,0,0,0,3,0,1,0,3,0,0,0,0,0,0,0,0,0,0,0,0,0,0,0,0,0,0,0,0,0,0,0,0,0,0,0,0,0,0,0,0,1,0,0,221,0,0,1,0,5,1,0,0,0,0,0,0,0,0,8,0,0,0,0,0,0,0,0,0,0,0,0,0,0,0,0,0,3,0,0,0,1,0,0,0,0,0,0,0,2,0,0,0,0
gyoza,0,1,2,0,0,0,0,0,1,0,0,0,0,0,0,0,0,0,0,0,0,0,0,0,0,2,1,0,0,0,0,0,32,0,0,0,0,0,0,0,0,0,1,3,0,0,1,0,0,0,1,0,187,0,0,0,0,0,0,0,0,0,0,0,0,0,1,0,0,0,0,0,0,0,1,0,0,0,1,0,0,0,0,0,0,3,0,1,0,0,0,0,7,0,0,1,0,3,0,0,0
hamburger,0,0,0,0,1,1,0,0,0,0,0,0,0,1,0,0,0,0,0,0,0,0,0,0,0,10,0,0,3,0,0,0,0,0,0,0,4,3,1,0,1,0,1,1,0,0,0,0,0,0,0,0,0,178,0,1,2,0,0,0,0,8,0,0,0,0,0,0,7,0,0,0,0,0,0,0,0,0,0,0,23,0,0,0,0,0,0,0,0,0,0,0,0,3,0,0,1,0,0,0,0
hot_and_sour_soup,0,0,0,0,0,0,0,0,0,0,0,0,0,0,0,0,0,0,0,0,0,0,0,0,0,0,0,1,0,0,0,0,0,0,0,0,0,0,0,0,0,3,0,0,0,0,0,0,0,0,0,0,0,0,237,0,0,0,0,0,1,0,0,0,5,0,0,0,0,0,0,0,0,0,0,1,0,0,0,0,0,1,0,0,0,1,0,0,0,0,0,0,0,0,0,0,0,0,0,0,0
hot_dog,0,0,0,0,0,0,0,0,0,1,0,0,0,0,0,0,0,0,0,0,0,0,0,2,0,2,0,0,0,0,0,0,0,0,0,0,3,0,2,0,0,0,1,0,0,0,1,0,0,0,0,0,0,1,0,209,0,0,0,0,0,14,0,0,0,0,0,0,0,0,0,0,0,0,0,0,0,0,0,0,10,0,0,0,0,1,0,0,0,0,0,0,1,0,0,0,0,2,0,0,0
huevos_rancheros,1,0,0,0,0,0,0,0,0,1,0,1,0,1,0,0,0,0,0,5,0,0,0,0,0,0,0,0,3,0,0,0,0,0,0,0,0,0,0,0,0,0,0,0,0,0,0,0,0,0,0,0,0,0,0,0,233,0,0,0,0,1,0,0,0,0,2,0,0,0,1,0,0,0,0,0,0,0,0,0,0,0,0,0,0,0,0,1,0,0,0,0,0,0,0,0,0,0,0,0,0
hummus,0,0,0,1,0,0,0,0,2,2,0,0,0,0,0,1,2,0,0,7,0,0,0,0,3,1,0,3,0,0,0,0,0,0,0,0,1,0,1,3,1,0,0,0,0,0,0,1,1,0,0,1,0,0,1,0,3,200,0,0,0,0,0,0,2,0,0,0,1,0,0,0,0,0,0,1,0,0,0,0,0,0,0,0,1,4,0,0,0,3,0,0,0,0,0,0,0,0,0,3,0
ice_cream,1,0,0,0,0,2,0,0,7,0,0,0,0,1,1,0,0,0,1,0,0,1,18,0,0,0,0,1,1,2,0,0,0,0,0,0,0,0,0,0,0,0,1,0,0,21,0,0,0,0,0,0,0,0,0,0,0,2,172,0,0,0,0,0,1,0,0,0,0,0,0,0,0,5,0,0,0,0,1,0,0,0,0,2,0,0,0,0,1,0,0,0,0,0,3,0,0,0,5,0,0
lasagna,1,1,2,4,0,0,0,0,8,0,2,1,0,0,0,0,0,0,1,0,0,0,0,0,0,0,1,3,5,0,0,0,0,0,0,0,0,0,0,0,0,14,0,0,0,0,1,0,0,0,0,0,0,0,0,0,19,0,0,152,3,0,0,0,0,0,0,5,0,0,0,1,0,0,0,0,4,0,0,0,0,0,12,0,2,1,0,0,0,0,6,0,0,0,0,0,0,1,0,0,0
lobster_bisque,0,0,0,0,0,0,0,0,0,0,0,0,0,0,0,0,0,0,1,0,0,0,1,0,7,0,0,2,0,0,0,0,0,0,0,0,0,0,0,0,0,1,0,0,0,0,0,0,0,0,0,0,0,0,1,0,0,0,0,0,232,0,0,0,4,0,0,0,0,1,0,0,0,0,0,0,0,0,0,0,0,0,0,0,0,0,0,0,0,0,0,0,0,0,0,0,0,0,0,0,0
lobster_roll_sandwich,0,0,0,0,0,0,0,0,0,0,0,0,0,0,0,1,0,0,0,0,0,0,0,0,0,1,1,0,0,0,0,0,0,0,0,0,0,0,1,0,0,0,0,0,0,0,0,0,0,0,0,0,0,1,0,0,0,0,0,0,2,240,0,0,0,0,0,0,0,0,1,0,0,0,0,0,0,0,0,0,0,0,0,0,0,0,0,0,0,2,0,0,0,0,0,0,0,0,0,0,0
macaroni_and_cheese,0,0,0,0,0,0,0,0,5,0,0,0,0,0,1,0,0,0,0,2,0,0,0,0,1,0,2,3,0,0,0,0,0,0,0,0,0,0,1,0,1,19,0,2,0,0,0,1,1,0,1,0,0,0,0,0,1,2,0,0,1,0,189,0,0,0,1,0,0,0,2,0,0,1,0,0,0,0,1,0,0,0,1,0,3,1,0,0,0,3,0,1,0,0,0,0,0,2,0,1,0
macarons,0,0,0,0,0,0,0,0,0,0,0,0,0,0,0,0,0,0,0,0,0,0,3,1,0,0,0,0,0,2,0,0,0,0,0,0,0,0,0,2,0,0,0,0,0,0,0,0,0,0,0,0,0,1,0,0,0,0,0,0,0,0,0,240,1,0,0,0,0,0,0,0,0,0,0,0,0,0,0,0,0,0,0,0,0,0,0,0,0,0,0,0,0,0,0,0,0,0,0,0,0
miso_soup,0,0,0,0,0,0,0,0,0,0,0,0,0,0,0,0,0,0,0,0,0,0,0,0,0,0,0,0,0,0,0,0,1,0,0,0,0,0,0,0,0,0,0,0,0,0,0,0,0,0,0,0,0,0,23,0,0,0,0,0,2,0,0,0,222,0,0,0,0,0,0,0,0,0,0,0,0,0,0,0,0,2,0,0,0,0,0,0,0,0,0,0,0,0,0,0,0,0,0,0,0
mussels,0,0,0,0,0,0,0,0,1,0,0,0,0,0,0,2,0,0,1,0,0,0,0,0,0,0,0,0,0,0,0,0,0,0,0,4,0,0,0,0,0,0,0,0,0,0,1,0,0,0,0,0,0,0,2,0,0,0,0,0,0,0,0,0,0,231,0,0,0,4,1,0,0,0,0,0,0,0,0,0,0,0,0,0,0,0,0,0,1,2,0,0,0,0,0,0,0,0,0,0,0
nachos,0,0,0,0,0,1,1,0,0,0,2,0,0,0,0,2,2,0,0,1,0,0,0,0,0,0,0,0,0,0,0,0,0,0,0,0,0,0,0,0,0,0,0,0,0,0,0,0,3,0,0,0,0,0,0,0,30,0,0,0,0,0,0,0,0,0,201,0,0,0,0,0,0,0,0,0,1,0,1,0,0,0,0,0,0,1,0,0,0,0,0,0,0,0,0,0,4,0,0,0,0
omelette,0,0,0,0,0,0,0,0,1,2,0,1,0,0,0,0,1,0,2,2,0,0,0,0,0,6,3,0,6,0,0,0,0,0,16,0,0,0,1,1,0,1,4,0,0,0,1,0,1,2,0,0,0,0,0,0,57,0,0,0,0,0,0,0,0,0,0,129,0,0,2,3,0,0,0,0,1,0,0,0,0,0,0,0,0,0,0,0,0,3,0,2,1,0,1,0,0,0,0,0,0
onion_rings,0,0,0,0,0,0,1,0,0,0,0,0,0,0,0,0,0,0,0,0,0,0,0,1,0,0,0,0,0,0,0,1,0,0,0,0,0,0,0,0,1,0,0,55,0,0,0,0,0,0,0,0,0,0,0,0,0,0,0,0,0,1,0,0,0,0,0,0,189,0,0,0,0,0,0,0,0,0,0,0,0,0,0,0,0,0,0,0,0,0,0,0,1,0,0,0,0,0,0,0,0
oysters,0,0,0,0,0,0,0,0,0,0,0,0,0,0,0,0,0,0,0,0,0,0,0,0,0,0,0,0,0,0,0,0,0,0,0,0,0,0,0,0,0,0,0,1,0,0,0,0,0,0,0,0,0,0,0,0,0,0,0,0,0,0,0,0,0,0,0,0,0,247,0,0,0,1,0,0,0,0,0,0,0,0,0,0,0,0,0,0,0,0,0,0,0,0,0,0,0,1,0,0,0
pad_thai,0,0,0,0,0,0,0,1,0,0,0,0,0,0,0,0,0,0,1,0,0,0,0,0,0,0,0,0,0,0,0,0,0,0,0,0,0,0,0,0,0,0,0,0,1,0,0,0,0,0,1,0,0,0,0,0,0,0,0,0,0,0,0,0,0,0,0,0,0,0,244,0,0,0,0,0,0,0,0,0,1,0,0,0,0,0,0,0,0,0,0,0,0,0,0,0,0,1,0,0,0
paella,0,0,0,1,0,0,0,0,0,0,0,0,0,0,0,3,0,0,1,0,0,0,0,0,0,0,0,0,0,0,0,0,0,0,0,0,0,0,0,0,0,0,0,0,2,1,0,0,0,0,0,0,0,0,0,0,3,0,0,0,1,0,0,0,0,3,0,0,0,0,3,225,0,0,0,0,0,0,0,0,0,0,0,0,1,0,0,1,0,4,0,0,0,0,0,0,0,0,0,1,0
pancakes,2,0,0,0,0,0,2,0,3,0,0,0,0,0,0,0,0,0,0,1,0,1,0,0,0,0,0,3,0,0,0,0,0,0,0,0,0,0,0,0,0,1,45,0,0,0,1,0,0,1,0,0,1,1,0,0,12,0,0,0,0,0,0,0,0,0,0,3,0,0,0,0,161,9,0,0,0,0,0,0,1,0,0,0,0,0,0,0,0,0,0,0,1,0,0,0,0,0,1,0,0
panna_cotta,1,0,0,0,0,0,0,0,7,0,0,0,0,6,1,0,2,1,0,0,0,1,2,0,0,0,0,5,0,0,0,0,0,0,0,0,0,0,0,0,0,0,0,0,0,0,0,0,0,0,0,0,0,0,0,0,0,0,0,0,3,0,0,0,0,0,0,0,0,0,0,0,0,220,0,0,0,0,0,0,0,0,0,0,0,0,0,0,0,0,0,0,0,0,0,0,0,0,1,0,0
peking_duck,0,4,0,1,1,0,0,1,0,0,0,0,0,0,0,0,0,0,2,1,0,1,0,0,0,0,0,1,0,0,0,0,3,0,0,0,0,1,0,2,0,0,0,0,0,0,0,0,0,0,0,0,3,0,0,0,0,0,0,0,0,0,0,0,0,0,0,0,0,0,1,0,0,0,216,0,0,0,0,1,1,0,0,0,0,2,0,0,0,0,0,0,8,0,0,0,0,0,0,0,0
pho,0,0,0,0,0,0,0,0,0,0,0,0,0,0,0,0,0,0,0,0,0,0,0,0,0,0,0,0,0,0,0,0,0,0,0,0,0,0,0,0,0,0,0,0,0,0,0,0,0,0,0,0,0,0,3,0,0,0,0,0,0,0,0,0,1,0,0,0,0,0,2,0,0,0,0,241,0,0,0,0,0,0,0,0,0,0,0,0,2,0,0,0,0,0,0,0,0,0,1,0,0
pizza,0,0,0,6,0,0,0,0,0,0,1,3,0,3,0,0,0,0,0,0,0,0,0,0,0,0,0,0,0,0,0,0,0,0,0,1,0,0,0,0,0,0,0,0,0,0,0,0,0,0,0,0,0,1,0,0,0,0,0,4,0,0,0,0,0,0,0,0,0,0,0,4,0,0,0,0,227,0,0,0,0,0,0,0,0,0,0,0,0,0,0,0,0,0,0,0,0,0,0,0,0
pork_chop,1,9,0,2,0,1,0,0,3,0,0,1,0,0,0,0,0,0,4,0,0,0,0,0,0,0,6,0,0,0,0,0,0,0,0,1,0,42,3,20,0,0,1,2,0,0,0,0,0,0,26,0,0,0,0,0,3,0,0,1,0,0,0,0,0,0,0,0,0,0,0,0,0,0,17,2,0,62,0,8,0,0,0,0,0,0,0,1,0,1,0,0,0,33,0,0,0,0,0,0,0
poutine,0,0,0,0,0,0,0,0,0,0,0,0,0,0,0,0,0,0,0,0,1,0,0,0,0,0,0,0,8,0,0,0,0,0,1,0,0,0,3,0,8,1,0,5,0,0,0,0,0,0,0,0,0,1,0,0,3,0,0,0,0,0,1,0,0,0,1,0,0,0,0,0,0,0,1,0,0,1,214,0,0,0,0,0,0,0,0,0,0,0,0,0,0,0,0,0,0,0,0,1,0
prime_rib,0,3,0,1,0,0,0,0,0,0,0,1,0,0,0,0,0,0,0,0,0,0,0,0,0,0,0,0,0,0,0,0,0,0,0,0,0,16,0,1,0,0,0,1,0,0,0,0,0,0,0,0,0,0,0,0,1,0,0,0,0,1,0,0,0,0,0,0,1,0,0,0,0,0,0,0,0,0,0,201,0,0,0,0,0,0,0,0,0,0,0,0,0,23,0,0,0,0,0,0,0
pulled_pork_sandwich,0,4,0,0,0,0,0,0,0,0,0,0,0,0,0,0,0,0,0,0,0,0,0,0,0,5,1,0,0,0,0,0,0,0,0,0,1,0,0,0,1,0,0,1,0,0,0,0,0,1,0,0,0,0,0,1,0,0,0,0,0,6,0,0,0,0,0,0,2,0,0,0,0,0,0,0,0,0,0,0,226,0,0,0,0,0,0,0,0,0,0,0,1,0,0,0,0,0,0,0,0
ramen,0,0,0,0,0,0,0,3,0,0,0,0,0,0,0,0,0,0,2,0,0,0,0,0,0,0,0,0,0,0,0,0,0,0,0,0,0,0,0,0,0,0,0,0,0,0,0,0,0,0,0,0,0,0,22,0,0,0,0,0,1,0,0,0,13,0,0,0,0,0,0,0,0,0,0,21,0,0,0,0,0,186,0,0,0,0,0,0,0,1,0,0,0,0,0,0,0,1,0,0,0
ravioli,0,0,0,15,1,2,0,0,7,0,3,3,0,5,0,2,1,0,9,1,0,0,0,0,9,0,0,0,1,0,0,0,3,0,1,3,0,0,0,3,0,3,0,1,0,0,0,0,0,0,1,0,1,0,4,0,11,0,0,4,7,0,2,0,0,0,1,1,0,0,3,1,0,1,0,0,0,0,1,0,0,0,119,0,3,1,0,0,0,13,0,1,0,0,0,0,1,1,0,0,0
red_velvet_cake,0,0,0,0,0,0,0,0,1,0,0,0,0,0,6,0,0,4,0,0,0,8,1,0,0,0,0,0,0,0,0,0,0,0,0,0,0,0,0,0,0,0,0,0,0,0,0,0,0,0,0,0,0,0,0,0,0,0,0,0,0,0,0,0,0,0,0,0,0,0,0,0,0,8,0,0,0,0,0,0,0,0,0,220,0,0,0,0,0,0,0,0,0,0,0,0,0,0,2,0,0
risotto,0,0,0,4,7,1,0,0,4,0,0,2,0,0,0,1,0,0,1,0,0,0,0,0,1,0,0,0,0,0,0,0,1,0,0,1,1,0,0,1,0,2,0,0,11,0,0,0,1,0,0,0,0,0,2,0,7,0,0,0,2,0,4,0,0,0,0,0,0,0,4,8,0,1,0,0,0,0,0,0,0,0,0,0,171,0,0,0,0,10,1,1,0,0,0,0,0,0,0,0,0
samosa,1,0,9,0,0,0,1,0,1,2,0,1,0,0,0,0,0,0,4,0,3,0,0,0,0,1,1,0,0,0,0,0,1,0,0,0,2,0,3,0,0,0,0,2,0,0,0,0,0,0,0,0,1,0,0,0,0,0,0,0,1,0,0,0,0,0,0,0,0,0,0,0,0,0,0,0,0,0,0,0,0,0,0,0,0,188,0,0,0,1,0,0,24,0,0,0,0,3,0,0,0
sashimi,0,0,0,3,0,1,0,1,0,0,0,0,0,0,0,3,0,0,0,0,0,0,0,0,0,0,0,0,0,0,0,0,0,0,0,0,0,0,0,0,0,0,0,0,0,0,0,0,0,0,11,0,0,0,0,0,0,0,0,0,0,1,0,0,0,0,0,0,0,0,0,0,0,0,1,0,0,0,0,0,0,0,0,0,0,0,180,0,0,0,0,0,0,0,0,46,0,1,0,2,0
scallops,0,0,0,2,1,1,0,0,0,0,0,0,0,2,0,1,1,0,0,0,0,0,0,0,1,0,8,0,1,0,2,0,2,0,1,1,1,1,2,9,0,0,0,0,1,0,0,0,0,0,0,0,0,0,0,0,1,0,0,0,5,0,0,0,0,0,0,0,0,2,4,0,0,0,0,0,0,0,0,0,0,0,0,0,0,0,1,186,0,9,0,0,0,0,0,0,0,1,0,3,0
seaweed_salad,0,0,0,1,0,5,0,6,0,0,0,0,0,0,0,0,0,0,0,0,0,0,0,0,0,0,0,0,0,0,0,0,0,0,0,1,0,0,0,0,0,0,0,0,0,0,0,0,0,0,0,0,0,0,0,0,1,0,0,0,0,0,0,0,0,0,0,0,0,0,0,0,0,0,0,3,0,0,0,0,0,0,0,0,0,0,0,0,231,0,0,0,0,0,0,0,0,1,0,1,0
shrimp_and_grits,1,0,0,0,0,0,0,0,1,0,2,1,0,0,0,1,0,0,7,0,0,0,0,0,4,0,0,0,0,0,0,0,0,0,0,0,0,0,0,1,0,0,0,1,0,0,0,1,0,0,0,0,0,0,1,0,4,0,0,0,10,0,0,0,0,0,0,0,0,0,0,1,0,0,0,0,0,0,0,0,1,0,1,0,3,0,0,1,0,207,0,0,0,0,0,0,1,0,0,0,0
spaghetti_bolognese,0,0,0,0,0,0,0,0,0,0,0,0,0,0,0,0,0,0,0,0,0,0,0,0,0,0,0,0,0,0,0,0,0,0,0,0,0,0,0,0,0,1,0,0,0,0,0,0,0,0,0,0,0,0,0,0,1,0,0,1,0,0,0,0,0,0,0,0,0,0,0,1,0,0,0,0,1,0,0,0,1,0,0,0,0,1,0,0,0,0,239,4,0,0,0,0,0,0,0,0,0
spaghetti_carbonara,0,0,0,0,0,0,0,0,0,0,0,0,0,0,0,0,0,0,0,0,0,0,0,0,1,0,0,0,0,0,1,0,0,0,1,1,0,0,0,0,0,0,0,1,0,0,0,0,0,0,0,0,0,0,1,0,0,0,0,0,0,0,0,0,0,0,0,0,0,0,1,0,0,0,0,0,0,0,0,0,0,0,0,0,1,0,0,0,0,0,8,233,0,0,0,0,0,0,0,1,0
spring_rolls,0,0,2,0,0,0,0,0,0,0,0,1,0,0,0,1,0,0,0,0,1,0,0,2,0,0,0,0,0,0,0,0,3,0,0,0,0,0,0,1,0,0,0,2,0,0,1,0,0,0,0,0,2,0,0,0,0,0,0,0,0,0,0,0,0,0,0,0,0,0,1,0,0,0,0,1,0,0,0,0,0,0,0,0,0,4,0,1,0,0,0,0,227,0,0,0,0,0,0,0,0
steak,0,2,0,1,0,1,0,0,1,0,0,0,0,0,0,0,0,0,1,0,0,0,0,0,0,0,1,0,0,0,0,0,0,0,0,0,0,73,0,2,0,1,1,1,0,0,0,0,0,0,1,0,0,0,0,0,0,0,0,0,0,0,0,0,0,0,0,0,0,0,0,0,0,0,0,0,0,0,0,32,0,0,0,0,0,0,0,0,0,0,0,0,0,131,0,0,0,0,0,1,0
strawberry_shortcake,0,0,0,0,0,0,0,0,13,0,0,0,0,1,1,0,0,31,0,0,0,0,1,0,0,1,1,1,0,0,1,0,0,0,0,0,0,0,0,0,0,0,3,0,0,0,0,0,0,0,0,0,0,0,0,0,0,0,1,0,0,0,0,0,0,0,0,0,0,0,0,0,0,20,0,0,0,0,0,0,0,0,0,23,0,0,0,0,0,0,0,0,0,0,148,0,0,0,2,2,0
sushi,0,0,0,1,1,3,0,1,0,0,0,0,0,0,0,1,1,0,0,0,0,0,0,0,0,0,0,0,0,0,1,0,0,0,0,0,0,1,0,0,0,0,0,0,0,0,0,0,0,0,2,0,0,0,0,0,0,0,0,0,0,0,0,0,0,0,0,0,0,0,0,0,0,0,1,0,0,0,0,0,0,0,0,0,0,0,3,1,0,0,0,0,4,0,0,227,0,2,0,0,0
tacos,0,0,0,2,0,0,0,0,0,3,1,1,0,0,0,6,0,0,0,11,0,0,0,0,0,0,1,0,0,0,0,0,0,0,0,0,3,0,1,0,0,0,0,2,0,0,0,0,1,0,2,0,0,0,0,0,16,0,0,0,0,1,0,0,0,0,0,0,0,0,0,0,0,0,0,0,0,0,0,0,0,0,0,0,0,0,0,0,0,1,0,0,1,0,0,0,196,1,0,0,0
takoyaki,0,0,0,1,0,0,1,0,0,0,0,0,0,0,0,0,0,0,1,0,0,0,0,0,0,0,1,0,0,0,0,0,0,0,0,2,1,0,0,0,0,1,0,1,0,0,0,0,0,0,0,0,1,0,0,0,0,0,0,0,0,0,0,0,0,0,0,0,0,0,2,0,0,0,0,1,0,0,1,0,1,0,0,0,0,0,0,2,4,0,0,0,0,0,0,0,0,228,0,1,0
tiramisu,0,0,0,0,0,0,0,0,5,0,0,0,0,1,3,0,0,3,0,0,0,11,11,0,0,0,0,6,0,0,0,0,0,0,0,0,0,0,0,2,0,1,1,0,0,1,0,0,0,0,0,0,0,0,0,0,0,0,0,0,1,0,0,0,0,0,0,0,0,0,0,0,0,6,0,0,0,0,0,0,0,0,0,1,0,0,0,0,0,0,0,0,0,0,0,0,0,0,197,0,0
tuna_tartare,0,0,0,14,30,5,0,0,0,0,8,0,0,3,1,3,0,0,0,0,0,0,0,0,0,0,0,1,0,0,0,0,0,0,0,0,1,0,0,3,0,0,0,0,0,0,0,0,0,0,0,0,0,0,0,0,1,0,0,0,0,0,0,0,0,0,1,0,0,0,0,0,0,0,0,0,0,0,0,0,0,0,0,0,0,1,0,0,0,0,0,0,1,1,0,3,0,0,0,173,0
waffles,11,0,0,0,0,0,1,0,18,0,1,0,0,0,3,0,0,2,0,1,0,0,5,5,0,0,0,0,1,0,1,0,0,0,7,0,0,0,0,0,0,0,121,0,0,1,0,0,1,4,0,0,0,0,0,0,5,0,3,0,0,0,0,0,0,0,1,0,0,0,0,0,31,4,0,0,0,0,1,0,0,0,0,1,0,0,0,0,0,0,0,0,0,0,15,0,0,2,3,0,1
